"type","number","title","created_at","updated_at","state","category_or_labels","comments","upvotes","url"
"issue","1","obs 预览界面不显示鼠标","8/15/2023 3:42:30 PM","9/1/2023 1:51:28 AM","open","#softwares","2","0","https://github.com/junxian-li-hpc/myIssues/issues/1"
"issue","2","ipad 不显示`还原位置与隐私`","8/19/2023 11:57:59 AM","9/1/2023 1:52:58 AM","open","#ipad","0","0","https://github.com/junxian-li-hpc/myIssues/issues/2"
"issue","3","双固态 双系统 远程连接 动态选择启动盘 解决方案","8/25/2023 6:50:21 AM","8/31/2023 8:42:42 AM","open","#ubuntu","6","0","https://github.com/junxian-li-hpc/myIssues/issues/3"
"issue","4","安装显卡驱动后 网络和蓝牙无法使用","8/26/2023 12:00:30 PM","8/31/2023 8:42:53 AM","open","#ubuntu","5","0","https://github.com/junxian-li-hpc/myIssues/issues/4"
"issue","5","Ubuntu 终端安装/卸载 Vivado","8/29/2023 12:07:59 PM","4/12/2025 5:50:20 PM","open","#vivado; #ubuntu; #softwares; #fpga; #environment","9","0","https://github.com/junxian-li-hpc/myIssues/issues/5"
"issue","6","New Ubuntu Essentials ","9/1/2023 12:52:15 AM","1/3/2024 9:41:58 AM","closed","#ubuntu; #softwares; #environment","7","0","https://github.com/junxian-li-hpc/myIssues/issues/6"
"issue","7","自制 Ubuntu 镜像","9/1/2023 1:54:15 AM","9/1/2023 1:54:23 AM","open","#ubuntu","0","0","https://github.com/junxian-li-hpc/myIssues/issues/7"
"issue","8","petaLinux2020.2 installation on Ubuntu20.04","9/1/2023 8:16:35 AM","9/2/2023 12:09:07 PM","open","#ubuntu; #softwares; #fpga","0","0","https://github.com/junxian-li-hpc/myIssues/issues/8"
"issue","9","ubuntu 切换 java 版本","9/4/2023 2:35:05 PM","9/4/2023 2:36:01 PM","open","#ubuntu; #environment","1","0","https://github.com/junxian-li-hpc/myIssues/issues/9"
"discussion","10","Welcome to myIssues Discussions!","9/7/2023 5:43:59 AM","6/16/2024 4:22:37 PM","open","FPGA Learning","3","0","https://github.com/junxian-li-hpc/myIssues/discussions/10"
"discussion","11","消失的SWAP分区","9/7/2023 5:55:06 AM","1/3/2024 9:17:14 AM","open","Ubuntu Issues","6","1","https://github.com/junxian-li-hpc/myIssues/discussions/11"
"discussion","12","Rocket-Chip Tutorial","9/7/2023 6:24:07 AM","10/2/2023 1:31:29 AM","open","rocket-chip","5","1","https://github.com/junxian-li-hpc/myIssues/discussions/12"
"discussion","13","zcu102 PL how to use clock signal","9/21/2023 8:15:46 AM","9/21/2023 8:19:32 AM","open","FPGA Learning","1","1","https://github.com/junxian-li-hpc/myIssues/discussions/13"
"discussion","14","zcu102 references","9/21/2023 8:21:31 AM","9/21/2023 8:21:41 AM","open","FPGA Learning","1","1","https://github.com/junxian-li-hpc/myIssues/discussions/14"
"discussion","15","tinyriscv on zcu102","9/26/2023 7:48:45 AM","10/2/2023 1:31:05 AM","open","tinyriscv","3","1","https://github.com/junxian-li-hpc/myIssues/discussions/15"
"discussion","16","Eclipse 中文乱码","10/1/2023 9:08:19 AM","10/1/2023 9:10:39 AM","open","General Issues","1","1","https://github.com/junxian-li-hpc/myIssues/discussions/16"
"discussion","17","Eclipse 添加新的source folder","10/1/2023 9:24:25 AM","10/1/2023 9:24:52 AM","open","General Issues","1","1","https://github.com/junxian-li-hpc/myIssues/discussions/17"
"discussion","18","Eclipse 添加文本模板","10/1/2023 9:28:40 AM","10/1/2023 9:31:24 AM","open","General Issues","1","1","https://github.com/junxian-li-hpc/myIssues/discussions/18"
"discussion","19","Eclipse 自动 `import` 的一个 bug","10/1/2023 9:55:26 AM","10/1/2023 9:59:43 AM","open","General Issues","2","1","https://github.com/junxian-li-hpc/myIssues/discussions/19"
"discussion","20","Verilator","10/2/2023 2:11:17 AM","10/2/2023 3:15:37 AM","open","ysyx","3","1","https://github.com/junxian-li-hpc/myIssues/discussions/20"
"discussion","21","2023-11-06","11/6/2023 12:47:38 PM","11/6/2023 12:47:39 PM","open","2023","0","1","https://github.com/junxian-li-hpc/myIssues/discussions/21"
"discussion","22","tinyriscv 从零开始写RISC-V处理器","11/7/2023 5:35:41 AM","11/7/2023 6:43:54 AM","open","tinyriscv","4","1","https://github.com/junxian-li-hpc/myIssues/discussions/22"
"discussion","23","Ubuntu20.04 键盘间歇性延迟解决","12/6/2023 7:12:59 AM","1/19/2024 3:56:10 AM","open","Ubuntu Issues","2","1","https://github.com/junxian-li-hpc/myIssues/discussions/23"
"discussion","24","`du` `df` 使用","1/3/2024 9:20:26 AM","1/6/2024 12:33:39 PM","open","Ubuntu Issues","2","1","https://github.com/junxian-li-hpc/myIssues/discussions/24"
"discussion","25","Optimizing Your Ubuntu Experience: Must-Do Setup and Customizations","1/3/2024 9:34:52 AM","1/22/2024 7:39:11 AM","open","Ubuntu Issues","7","1","https://github.com/junxian-li-hpc/myIssues/discussions/25"
"discussion","26","`vim` 使用","1/3/2024 11:16:03 AM","1/3/2024 11:17:23 AM","open","Ubuntu Issues","2","1","https://github.com/junxian-li-hpc/myIssues/discussions/26"
"discussion","27","VLIW Retargetable Compiler Backend","1/15/2024 5:39:46 AM","1/15/2024 5:39:47 AM","open","VLIW Compilers","0","1","https://github.com/junxian-li-hpc/myIssues/discussions/27"
"discussion","28","双固态、双系统 问题记录","1/15/2024 10:41:08 AM","1/19/2024 11:46:44 AM","open","General Issues","4","1","https://github.com/junxian-li-hpc/myIssues/discussions/28"
"discussion","29","ubuntu基础——换源第一步","1/17/2024 5:43:58 AM","1/17/2024 7:16:24 AM","open","Ubuntu Issues","0","1","https://github.com/junxian-li-hpc/myIssues/discussions/29"
"discussion","30","Ubuntu（22.04 LTS）如何开启中文输入法","1/17/2024 7:18:57 AM","1/17/2024 7:24:22 AM","open","Ubuntu Issues","1","1","https://github.com/junxian-li-hpc/myIssues/discussions/30"
"discussion","31","`tmux` 使用","1/17/2024 7:33:35 AM","1/17/2024 7:35:34 AM","open","Ubuntu Issues","1","1","https://github.com/junxian-li-hpc/myIssues/discussions/31"
"discussion","32","Ubuntu ISO self","1/17/2024 2:38:12 PM","1/18/2024 7:17:04 AM","open","Ubuntu Issues","2","1","https://github.com/junxian-li-hpc/myIssues/discussions/32"
"discussion","33","Setting up SSH key with GitHub for Ubuntu","1/18/2024 2:18:43 AM","1/18/2024 2:25:09 AM","open","General Issues","1","1","https://github.com/junxian-li-hpc/myIssues/discussions/33"
"discussion","34","`zsh`","1/18/2024 2:41:42 AM","1/18/2024 3:03:33 AM","open","Ubuntu Issues","1","1","https://github.com/junxian-li-hpc/myIssues/discussions/34"
"discussion","35","getcwd: cannot access parent directories: Permission denied","1/28/2024 2:58:48 AM","1/28/2024 2:58:48 AM","open","Ubuntu Issues","0","1","https://github.com/junxian-li-hpc/myIssues/discussions/35"
"discussion","36","Spotify 代理","7/8/2024 11:13:33 AM","7/8/2024 11:13:34 AM","open","General Issues","0","1","https://github.com/junxian-li-hpc/myIssues/discussions/36"
"discussion","37","KeePass: 一个全平台密码管理工具","10/7/2024 1:03:26 PM","10/7/2024 1:03:26 PM","open","?Daily Tools?","0","1","https://github.com/junxian-li-hpc/myIssues/discussions/37"
